specification,true_beta,bias,rmse,coverage_95,size_at_0
full_high,0.042,-0.15918957958285596,0.16115488489551497,0.0,1.0
full_low,-0.12,0.2769272258666675,0.28022699376394555,0.0,0.96
simple_pooled,0.042,-0.10407330334056354,0.10582132882260883,0.0,0.82
