specification,beta,se,N
true_dgp_low,-0.12,0.0,100000
true_dgp_high,0.042,0.0,100000
recovered_simple,-0.0722926132531384,0.01417458963660229,100000
recovered_full_low,-0.1221472085087767,0.017611183241351108,100000
recovered_full_high,0.14074898834672342,0.029649958673341026,100000
